Ruta;Nombre;Partes
R1;ASL;ASL
R1;ASU;ASU
R1;BLL;BLL
R1;BLU;BLU
R1;DGL;DGL
R1;DGU;DGU
R1;PAL;PAL
R1;PAU;PAU
R1;ABI;ASL, ASU, BLL, BLU
R1;ASI;ASL, ASU
R1;BDI;BLL, BLU, DGL, DGU
R1;BDP;BLL, BLU, DGL, DGU, PAL, PAU
R1;BLI;BLL, BLU
R1;DGI;DGL, DGU
R1;DPI;DGL, DGU, PAL, PAU
R1;NEI;ASL, ASU, BLL, BLU, DGL, DGU, PAL, PAU
R1;PAI;PAL, PAU
R1;R1I;ASL, ASU, BLL, BLU, DGL, DGU, PAL, PAU
R1;SAB;ASL, ASU, BLL, BLU
R1;SAI;ASL, ASU
R1;SAN;
R1;SUM;
R1;SAS;ASL
R2;CJL;CJL
R2;CJU;CJU
R2;TER;TER
R2;TLL;TLL
R2;TLU;TLU
R2;ZGZ;ZGZ
R2;ZML;ZML
R2;ZMM;ZMM
R2;ZMU;ZMU
R2;ZNL;ZNL
R2;ZNU;ZNU
R2;ZSL;ZSL
R2;ZSU;ZSU
R2;CJI;CJL, CJU
R2;CZI;CJU, TER, ZGZ
R2;R2I;CJL, CJU, TER, TLL, TLU, ZGZ, ZML, ZMM, ZMU
R2;SEI;CJL, CJU, TER, TLL, TLU, ZGZ
R2;SWI;CJL, CJU, TLL, TLU, ZML, ZMM, ZMU
R2;TCI;CJL, CJU, TLL, TLU
R2;TLI;TLL, TLU
R2;TZI;TER, ZGZ
R2;ZLM;ZML, ZMM
R2;ZMI;ZML, ZMM, ZMU
R2;ZTI;TLL, TLU, ZML, ZMM, ZMU
R2;ZUM;ZMM, ZMU
R2;ZNI;ZNL, ZNU
R2;ZSI;ZSL, ZSU